,Unnamed: 0,year,Unnamed: 0.1,user_id,username,date,time,tweet,text,manual,textblob,nltk_tweet,sent140,emoticon,James Harden,LeBron James,Giannis Antetokounmpo,Anthony Davis,Luka Doncic,Trae Young,Nikola Jokic,Russell Westbrook,Kawhi Leonard,Chris Paul,Devin Booker,Khris Middleton,Bam Adebayo,Jayson Tatum,Kemba Walker,Jimmy Butler,Ben Simmons,Joel Embiid,Domantas Sabonis,Brandon Ingram,Pascal Siakam,Rudy Gobert,Donovan Mitchell,Kyle Lowry,Damian Lillard,DeMar DeRozan,Isaiah Thomas,John Wall,LaMarcus Aldridge,Paul George,Stephen Curry,Victor Oladipo
0,109090,2020,109090,21735948,detnewsrodbeard,1/3/2020,10:08:10,"For what it's worth, #Pistons Dwane Casey says Blake Griffin and Bruce Brown are game-time decisions for tonight at #Clippers.
#DFS",for what it be worth pistons dwane casey say blake griffin and bruce brown be game time decision for tonight at clipper dfs,1,-0.05000000000000002,1,-0.073791444,-0.1054165299947365,0,0,0,1,0,0,0,0,0,0,0,0,0,0,0,0,0,0,0,0,0,0,0,0,0,0,0,0,0,0,0,0
1,597861,2020,597861,209716158,pompeyonsixers,2/23/2020,19:25:32,"Sixers lose to Bucks, 119-98, as Ben Simmons leaves early and Giannis scores 31 points  https://www.inquirer.com/sixers/philadelphia-sixers-milwaukee-bucks-ben-simmons-joel-embiid-tobias-harris--20200223.html?__vfz=medium%3Dsharebar???? via @phillyinquirer",sixer lose to buck as ben simmons leave early and giannis score point via phillyinquirer,-1,0.1,1,0.403312445,0.09310573689967416,0,0,1,0,0,0,0,0,0,0,0,0,0,0,0,0,1,0,0,0,0,0,0,0,0,0,0,0,0,0,0,0
2,354080,2018,354080,15966106,yourmandevine,4/19/2018,0:21:30,"When the Pelicans traded for Mirotic, I wrote that they were making a play to save their season ?????  https://yhoo.it/2DSTh3Q?? ????? not because he'd be dominant, but because he?????d create space for AD (and to a lesser extent Jrue) to be. (1/2)",when the pelican trade for mirotic write that they be make play to save their season not because he would be dominant but because hed create space for ad and to less extent jrue to be,1,-0.16666666666666666,-1,-0.547612041,0.723919958641118,0,0,0,1,0,0,0,0,0,0,0,0,0,0,0,0,0,0,0,0,0,0,0,0,0,0,0,0,0,0,0,0
3,298446,2017,298446,50721809,timbontemps,4/23/2017,9:45:34,"Column: These playoffs were supposed to be different for Toronto. Instead, the same doubts about the Raptors remain.  http://www.washingtonpost.com/news/sports/wp/2017/04/22/this-year-was-supposed-to-be-different-for-the-toronto-raptors-instead-its-more-of-the-same/????",column these playoff be suppose to be different for toronto instead the same doubt about the raptor remain,-1,0.0,-1,0.281488061,0.271633621978445,0,0,0,1,0,0,0,0,0,0,0,0,0,0,0,0,0,0,0,0,0,0,0,0,0,0,0,0,0,0,0,0
4,429812,2019,429812,30070994,christopherhine,2/14/2019,10:40:19,Okogie brings the crowd to their feet as he stuffs Harden on a shot-clock violation.,okogie bring the crowd to their foot as he stuff harden on shot clock violation,-1,0.0,1,0.747817993,-0.4430431352399965,1,0,0,0,0,0,0,0,0,0,0,0,0,0,0,0,0,0,0,0,0,0,0,0,0,0,0,0,0,0,0,0
5,149271,2019,149271,51189656,nypost_berman,12/17/2018,2:47:38,John Sterling back where he belongs calling #Nets basketball today. Hopefully will break out his ??Bullseye?? radio call that was best part of Nets of the 1970??s.,john sterling back where he belong call net basketball today hopefully will break out his bullseye radio call that be good part of net of the,1,0.175,1,0.025702596,-0.5462785660743982,0,0,0,1,0,0,0,0,0,0,0,0,0,0,0,0,0,0,0,0,0,0,0,0,0,0,0,0,0,0,0,0
6,396526,2019,396526,21528745,andyblarsen,1/31/2019,10:36:39,"I think it is full stop very good news for the Jazz, unless Meyers Leonard or Zach Collins have like 5/7 3-point nights",think it be full stop very good news for the jazz unless meyers leonard or zach collins have like point night,1,0.6299999999999999,1,0.790189147,0.4079277641027186,0,0,0,0,0,0,0,0,1,0,0,0,0,0,0,0,0,0,0,0,0,0,0,0,0,0,0,0,0,0,0,0
7,50009,2019,50009,57710919,chrisbhaynes,1/17/2019,0:41:05,"The reigning Defensive Player of the Year @RudyGobert27 joins the ??Posted Up?? podcast. Touches on blocking dunks, trash talking, slapping cups, his All-Star case, big men in today??s NBA, his future and much more.

????:  https://itunes.apple.com/us/podcast/posted-up-with-chris-haynes/id1446252794?mt=2&i=1000427703119???? pic.twitter.com/CzXFvYrnAx",the reign defensive player of the year rudygobert27 join the post up podcast touch on block dunk trash talking slap cup his all star case big man in today nba his future and much more pictwittercomczxfvyrnax,0,0.16666666666666666,1,-0.8468000290000001,-0.8651550881284397,0,0,0,0,0,0,0,0,0,0,0,0,0,0,0,0,0,0,0,0,0,1,0,0,0,0,0,0,0,0,0,0
8,246656,2017,246656,17345647,talkhoops,1/20/2017,9:32:51,gotcha. I read it wrong. My bad. I agree but I also don?????t think it?????s a market thing. I think it?????s a system confusion thing,gotcha read it wrong my bad agree but also dont think its market thing think its system confusion thing,-1,-0.5999999999999999,1,0.478966355,0.7572298568469067,0,0,0,1,0,0,0,0,0,0,0,0,0,0,0,0,0,0,0,0,0,0,0,0,0,0,0,0,0,0,0,0
9,472735,2019,472735,67431944,greglogan1,11/13/2018,14:54:08,"Kenny Atkinson called @CarisLeVert ""heart & soul of program, @Dloading said he tried unsuccesfully to erase vision of grotesque LeVert injury from memory & @joeharrisbball said @BrooklynNets were ""crying"" at halftime. Tough all-around in loss to #TWolves:  https://is.gd/yMe6S5??.",kenny atkinson call carislevert heart soul of program dloading say he try unsuccesfully to erase vision of grotesque levert injury from memory joeharrisbball say brooklynnet be cry at halftime tough all around in loss to twolves,-1,-0.46944444444444444,-1,-0.8379248229999999,0.7881086285538736,0,0,0,1,0,0,0,0,0,0,0,0,0,0,0,0,0,0,0,0,0,0,0,0,0,0,0,0,0,0,0,0
10,172749,2019,172749,178580925,shamscharania,6/28/2018,4:01:45,NBA Commissioner Adam Silver has signed a contract extension  through the 2023-24 NBA season.,nba commissioner adam silver have sign contract extension through the nba season,0,0.0,1,-0.464135945,0.5800626286590989,0,0,0,1,0,0,0,0,0,0,0,0,0,0,0,0,0,0,0,0,0,0,0,0,0,0,0,0,0,0,0,0
11,577227,2020,577227,313111003,mirjamswanson,8/20/2019,10:20:15,"The @LA_Sparks are thrilled to have Alana Beard??s voice on court again: ??Her professionalism, her competitive spirit, the way she just figures things on the court, all our guards ?? including Chelsea ?? rely so much on her IQ and things she??s able to see.?? https://www.ocregister.com/2019/08/19/sparks-alana-beard-finally-able-to-use-her-distinct-voice-on-court-again/????",the laspark be thrill to have alana beard voice on court again her professionalism her competitive spirit the way she just figure thing on the court all our guard include chelsea rely so much on her iq and thing she able to see,1,0.35,-1,-0.004102588,-0.12964234991113044,1,0,0,0,0,0,0,0,0,0,0,0,0,0,0,0,0,0,0,0,0,0,0,0,0,0,0,0,0,0,0,0
12,393129,2020,393129,21528745,andyblarsen,8/10/2019,10:35:38,Donovan Mitchell now playing PG for Team USA.,donovan mitchell now play pg for team usa,0,0.0,1,0.327853918,-0.9252944564025026,0,0,0,0,0,0,0,0,0,0,0,0,0,0,0,0,0,0,0,0,0,0,1,0,0,0,0,0,0,1,0,0
13,476089,2018,476089,67431944,greglogan1,3/25/2018,10:02:02,Thrilled that #LoyolaChicago made #FinalFour. Reminds me of first time #Butler did it. But #Ramblers lack a player the caliber of #GordonHeyward. Guarantee @BrooklynNets coach Kenny Atkinson had to love Loyola??s fast-paced spread offense.,thrill that loyolachicago make finalfour remind me of first time butler do it but rambler lack player the caliber of gordonheyward guarantee brooklynnets coach kenny atkinson have to love loyola fast pace spread offense,1,0.31666666666666665,1,0.228171349,-0.27241236851070594,0,0,0,1,0,0,0,0,0,0,0,0,0,0,0,1,0,0,0,0,0,0,0,0,0,0,0,0,0,0,0,0
14,141033,2019,141033,1726655856,jcowleyhoops,11/20/2018,5:47:29,"The writing was on the wall for Valentine in New Orleans, when VP of basketball operations John Paxson pulled the media aside to let them know that Valentine had hit a wall in his rehab process and would be out ""indefinitely.""",the writing be on the wall for valentine in new orleans when vp of basketball operation john paxson pull the medium aside to let them know that valentine have hit wall in his rehab process and would be out indefinitely,-1,0.13636363636363635,1,-0.081623316,-0.6927678267719182,0,0,0,0,0,0,0,0,0,0,0,0,0,0,0,0,0,1,0,0,0,0,0,0,0,0,0,1,0,0,0,0
15,568819,2019,568819,32765534,billsimmons,6/12/2019,23:38:48,Here??s @JonathanTjarks on Klay Thompson ?? who??s quietly putting together one of the decade??s most fascinating careers. https://www.theringer.com/nba/2019/6/12/18662567/klay-thompson-nba-finals-game-6-warriors-raptors????,here jonathantjarks on klay thompson who quietly put together of the decade most fascinating career,1,0.39999999999999997,1,-0.373019993,-0.7554996690496847,0,0,0,1,0,0,0,0,0,0,0,0,0,0,0,0,0,0,0,0,0,0,0,0,0,0,0,0,0,0,0,0
16,377500,2019,377500,369723148,adamhimmelsbach,5/10/2019,10:36:02,ESPN does a nice job with game coverage but I do get a little sad during the playoffs when it??s not a Barkley night,espn do nice job with game coverage but do get little sad during the playoff when it not barkley night,1,-0.12187500000000001,-1,-0.826955214,0.9370938604184318,0,0,0,1,0,0,0,0,0,0,0,0,0,0,0,0,0,0,0,0,0,0,0,0,0,0,0,0,0,0,0,0
17,144473,2018,144473,79512108,mike_ganter,4/5/2018,8:26:40,Marcus Morris killed the Raptors Saturday in Boston. He already has four points in his first four minutes.,marcus morris kill the raptor saturday in boston he already have point in his first minute,1,0.25,-1,-0.74380517,-0.10779356570289023,0,0,0,1,0,0,0,0,0,0,0,0,0,0,0,0,0,0,0,0,0,0,0,0,0,0,0,0,0,0,0,0
18,319674,2020,319674,201105510,willguillory,1/19/2020,7:15:42,"JJ Redick's leaning 3-pointer against Kawhi comes up short.

Pels fall to the Clips 133-130.

Favors had 22 & 11, Ingram 21, Ball 18, 10 & 11.

Kawhi and Lou Will combine to score 71.

Great effort from Pels, but LAC just made more plays down the stretch.",jj redick lean pointer against kawhi come up short pels fall to the clip favor have ingram ball kawhi and lou will combine to score great effort from pels but lac just make more play down the stretch,1,0.2861111111111111,1,0.14299404599999999,-0.1284180779545564,0,0,0,0,0,0,0,0,1,0,0,0,0,0,0,0,0,0,0,1,0,0,0,0,0,0,0,0,0,0,0,0
19,468938,2019,468938,67431944,greglogan1,6/7/2019,14:13:16,"I don??t quite get your second and third reverse choices. I mean, DLo and Irving are together or not. If they are together, DLo will be off guard with Irving and PG when Irving is on bench. Both of those moves limit #SpencerDinwiddie, which makes him extremely vulnerable to trade.",do not quite get your second and third reverse choice mean dlo and irving be together or not if they be together dlo will be off guard with irving and pg when irving be on bench both of those move limit spencerdinwiddie which make him extremely vulnerable to trade,-1,-0.203125,-1,-0.019276321000000003,-0.5920061894485031,0,0,0,1,0,0,0,0,0,0,0,0,0,0,0,0,0,0,0,0,0,0,0,0,0,0,0,0,0,1,0,0
20,470879,2019,470879,67431944,greglogan1,2/14/2019,13:38:49,"Well, LeVert was beyond the minutes window for third game back and Napier wasn??t on fire. But Kenny is adjusting to having an All-Star you have to support. Maybe he was playing odds #DLo would catch fire. Totally agreed with call.",well levert be beyond the minute window for third game back and napier be not on fire but kenny be adjust to have an all star you have to support maybe he be play odd dlo would catch fire totally agree with call,-1,-0.11333333333333333,1,-0.547214121,-0.3636367024476308,0,0,0,1,0,0,0,0,0,0,0,0,0,0,0,0,0,0,0,0,0,0,0,0,0,0,0,0,0,0,0,0
21,280506,2017,280506,17345647,talkhoops,8/10/2016,1:10:54,He?????s good at passing ahead. He?????s not very strong passing within the break though. https://twitter.com/zukovka/status/763059755791347716???????,hes good at pass ahead hes not very strong passing within the break though,0,0.26666666666666666,1,-0.016648948,0.06479379703196253,0,0,0,1,0,0,0,0,0,0,0,0,0,0,0,0,0,0,0,0,0,0,0,0,0,0,0,0,0,0,0,0
22,355907,2018,355907,15966106,yourmandevine,2/27/2018,7:26:52,"This is more a Rediscover Weekly: ""Ambulance"" by TV on the Radio, which, holy cow, I forgot how great this is! https://www.youtube.com/watch?v=UFY4zSVrjDo???????",this be more rediscover weekly ambulance by tv on the radio which holy cow forget how great this be,1,0.3888888888888889,1,0.033193468999999996,-0.44611966249738944,0,0,0,1,0,0,0,0,0,0,0,0,0,0,0,0,0,0,0,0,0,0,0,0,0,0,0,0,0,0,0,0
23,60776,2018,60776,123777284,chrisfedor,5/20/2018,9:29:54,"Toronto's Dwane Casey called Kevin Love ""clever"" when talking about his post-ups in the last series. That was Casey's way of saying Love gets away with fouls and disguises them well. Love with a ""clever"" finish over Marcus Smart. Needs to take advantage of those mismatches.",toronto dwane casey call kevin love clever when talk about his post up in the last series that be casey way of say love get away with foul and disguise them well love with clever finish over marcus smart need to take advantage of those mismatch,-1,0.2925170068027211,-1,0.025382519,-0.4193438872488803,0,0,0,1,0,0,0,0,0,0,0,0,0,0,0,0,0,0,0,0,0,0,0,0,0,0,0,0,0,0,0,0
24,49873,2019,49873,57710919,chrisbhaynes,4/12/2019,3:02:27,"Full audio and video version of the latest episode of the Posted Up w/ Chris Haynes Video Podcast with Wizards star @johnwall. An hour-long conversation on hoops and life.

????:  https://podcasts.apple.com/us/podcast/posted-up-with-chris-haynes/id1446252794?i=1000434668193????
????:  https://m.youtube.com/watch?v=BisZE8tF9Mg&feature=youtu.be????",full audio and video version of the late episode of the post up chris haynes video podcast with wizards star johnwall an hour long conversation on hoop and life,0,-4.625929269271485e-18,-1,0.35156548,-0.9201978424245685,0,0,0,0,0,0,0,0,0,0,0,0,0,0,0,0,0,0,0,0,0,0,0,0,0,0,0,1,0,0,0,0
25,407177,2019,407177,109910925,basketballtalk,3/18/2019,7:00:32,Russell Westbrook suspended for one game after 16th technical??foul https://wp.me/p14QT0-3E5u??,russell westbrook suspend for game after th technical foul,-1,-0.2,-1,-0.8980093370000001,-0.25466366277519237,0,0,0,0,0,0,0,1,0,0,0,0,0,0,0,0,0,0,0,0,0,0,0,0,0,0,0,0,0,0,0,0
26,332071,2018,332071,201105510,willguillory,1/9/2018,9:21:58,"Rondo already has4 points, 3 rebounds and 7 assists. He's been super active on offense",rondo already has point rebound and assist he be be super active on offense,1,0.09999999999999999,-1,-0.806114882,-0.19381120440878163,0,0,0,1,0,0,0,0,0,0,0,0,0,0,0,0,0,0,0,0,0,0,0,0,0,0,0,0,0,0,0,0
27,595513,2019,595513,437735138,matt_velazquez,2/7/2019,9:46:40,"Now Giannis with a 3, as if the Bucks weren't killing it on offense already.",now giannis with as if the buck be not kill it on offense already,1,0.0,-1,-0.5523556470000001,0.4793298602672469,0,0,1,1,0,0,0,0,0,0,0,0,0,0,0,0,0,0,0,0,0,0,0,0,0,0,0,0,0,0,0,0
28,460517,2019,460517,73834352,fredkatz,1/14/2019,4:14:05,Thomas Bryant plays so damn hard.,thomas bryant play so damn hard,1,-0.2916666666666667,-1,0.09359061699999999,0.9667846743502566,0,0,0,0,0,0,0,0,0,0,0,0,0,0,0,0,0,0,0,0,0,0,0,0,0,0,1,0,0,0,0,0
29,410294,2019,410294,109910925,basketballtalk,10/3/2018,2:05:22,"Here's some fun reading for you when you have time:

 https://www.newyorker.com/magazine/2017/02/27/why-facts-dont-change-our-minds????",here be some fun reading for you when you have time,1,0.3,1,0.617098331,-0.936742480897583,0,0,0,1,0,0,0,0,0,0,0,0,0,0,0,0,0,0,0,0,0,0,0,0,0,0,0,0,0,0,0,0
30,29070,2018,29070,251655721,bdawsonwrites,2/27/2018,9:42:13,"Patrick Patterson really needed a shot to go in. Makes a 3, and Russell Westbrook raises his arms at halfcourt and yells in celebration.",patrick patterson really need shot to go in make and russell westbrook raise his arm at halfcourt and yell in celebration,-1,0.2,1,-0.389969826,-0.21053517818425072,0,0,0,0,0,0,0,1,0,0,0,0,0,0,0,0,0,0,0,0,0,0,0,0,0,0,0,0,0,0,0,0
31,55914,2019,55914,123777284,chrisfedor,5/10/2019,5:43:11,"The complexities of Kyrie Irving, LeBron James, breakups and a blockbuster trade that isn't as lopsided as people think https://www.cleveland.com/cavs/2019/05/kyrie-irving-lebron-james-breakups-and-crazy-trade-rumors-fedors-five-observations.html????",the complexity of kyrie irving lebron james breakup and blockbuster trade that be not as lopsided as people think,-1,0.0,-1,-0.094183385,0.2276466032206299,0,1,0,1,0,0,0,0,0,0,0,0,0,0,0,0,0,0,0,0,0,0,0,0,0,0,0,0,0,0,0,0
32,471654,2019,471654,67431944,greglogan1,1/7/2019,14:52:50,Nick Foles leads late??drive to push Eagles past??Bears in NFC wild-card  https://nwsdy.li/2Tz58eJ?? via @Newsday. Really great job by @TomRock_Newsday hits all the high notes.,nick foles lead late drive to push eagle past bear in nfc wild card via newsday really great job by tomrocknewsday hit all the high note,1,0.10200000000000001,1,0.395190954,-0.30015469902569436,0,0,0,1,0,0,0,0,0,0,0,0,0,0,0,0,0,0,0,0,0,0,0,0,0,0,0,0,0,0,0,0
33,540638,2020,540638,21487022,bytimreynolds,12/29/2019,11:14:51,Embiid just changed jerseys as he gets set to go back in.,embiid just change jersey as he get set to go back in,0,0.0,-1,-0.083732784,-0.7208548976587925,0,0,0,0,0,0,0,0,0,0,0,0,0,0,0,0,0,1,0,0,0,0,0,0,0,0,0,0,0,0,0,0
34,411839,2019,411839,109910925,basketballtalk,6/29/2018,7:13:07,"Pacers?? Thaddeus Young reads market correctly, reportedly will opt-in to $13.7??million https://wp.me/p14QT0-3yPF??",pacer thaddeus young read market correctly reportedly will opt in to,1,0.1,1,0.7460968490000001,0.27333561759326863,0,0,0,1,0,1,0,0,0,0,0,0,0,0,0,0,0,0,0,0,0,0,0,0,0,0,0,0,0,0,0,0
35,470056,2019,470056,67431944,greglogan1,4/7/2019,2:19:36,Nets have become an attractive potential??destination for top free agents  https://nwsdy.li/2KhuMou?? via @Newsday Weterans Ed Davis and Jared Dudley say they field Nets questions from other players and even promote the organization to others. No doubt there is Nets buzz around NBA.,net have become an attractive potential destination for top free agent via newsday weterans ed davis and jared dudley say they field net question from other player and even promote the organization to other no doubt there be net buzz around nba,1,0.16111111111111112,1,-0.556330323,0.2646357190405395,0,0,0,1,0,0,0,0,0,0,0,0,0,0,0,0,0,0,0,0,0,0,0,0,0,0,0,0,0,0,0,0
36,328250,2018,328250,201105510,willguillory,6/16/2018,2:51:46,This is true but nobody made them throw Kawhi under the bus while he was dealing with his injury. They shouldn't be shocked that this day has come https://twitter.com/mrmichaellee/status/1007696562607226880????,this be true but nobody make them throw kawhi under the bus while he be deal with his injury they should not be shock that this day have come,-1,0.35,-1,0.287512898,0.629044038867121,0,0,0,0,0,0,0,0,1,0,0,0,0,0,0,0,0,0,0,0,0,0,0,0,0,0,0,0,0,0,0,0
37,599561,2020,599561,209716158,pompeyonsixers,11/9/2019,3:46:57,Trey Burke confident he can help Sixers if called upon | Off the Dribble  https://www.inquirer.com/newsletters/sixers/trey-burke-philadelphia-sixers-denver-nuggets-brett-brown-20191108.html?__vfz=medium%3Dsharebar???? via @phillyinquirer #NBA #Sixers #PhilaUnite #TrustTheProcess,trey burke confident he can help sixers if call upon off the dribble via phillyinquirer nba sixers philaunite trusttheprocess,1,0.5,1,0.712296605,-0.7805481169365995,0,0,0,0,0,0,0,0,0,0,0,0,0,0,0,0,0,1,0,0,0,0,0,0,0,0,0,0,0,0,0,0
38,177310,2020,177310,17345647,talkhoops,11/15/2019,2:24:43,I?????m sensing you did not read what I wrote because you?????re bringing up stuff I didn?????t write.,im sense you do not read what write because youre bring up stuff didnt write,-1,0.0,1,-0.8646439020000001,-0.7678181050626882,0,0,0,1,0,0,0,0,0,0,0,0,0,0,0,0,0,0,0,0,0,0,0,0,0,0,0,0,0,0,0,0
39,12731,2017,12731,30174658,anthony_chiang,3/5/2017,11:27:41,"Heat blow out Cavaliers as LeBron James, Kyrie Irving sit out to rest. 5 takeaways:  http://heatzone.blog.palmbeachpost.com/2017/03/04/five-takeaways-miami-heat-blow-out-cleveland-cavaliers-as-lebron-james-kyrie-irving-sit-out-to-rest/???????",heat blow out cavalier as lebron james kyrie irving sit out to rest takeaway takeaways miami heat blow out cleveland cavaliers as lebron james kyrie irving sit out to rest,-1,0.0,1,0.03218317,0.4958078174934428,0,1,0,0,0,0,0,0,0,0,0,0,0,0,0,0,0,0,0,0,0,0,0,0,0,0,0,0,0,0,0,0
40,474797,2018,474797,67431944,greglogan1,6/10/2018,11:36:29,Horribly eerie comment from #Bourdain about Montreal restaurant run by young chefs cooking on standard four-burner electric stove. Says he would ??hang myself?? if I had to do that. It was a joke back then. He was managing whatever depression he was experiencing.,horribly eerie comment from bourdain about montreal restaurant run by young chef cook on standard burner electric stove say he would hang myself if have to do that it be joke back then he be manage whatever depression he be experience,-1,-0.1,-1,0.650453925,-0.7669554907467818,0,0,0,0,0,1,0,0,0,0,0,0,0,0,0,0,0,0,0,0,0,0,0,0,0,0,0,0,0,0,1,0
41,225147,2018,225147,17345647,talkhoops,1/6/2018,8:23:31,Towns is really rotating well in the first 8 minutes of this????? aaaaaand TATUM!,town be really rotate well in the first minute of this aand tatum,1,0.225,1,-0.35518270700000004,0.3556669029203725,0,0,0,0,0,0,0,0,0,0,0,0,0,1,0,0,0,0,0,0,0,0,0,0,0,0,0,0,0,0,0,0
42,565417,2020,565417,123332645,kpeltonwbb,6/24/2019,7:14:21,Early hook for Kelsey Mitchell after she was caught on a backdoor cut by the Storm as the Fever bench signaled the play to the team.,early hook for kelsey mitchell after she be catch on backdoor cut by the storm as the fever bench signal the play to the team,-1,0.1,-1,-0.229899883,-0.45229379135158465,0,0,0,0,0,0,0,0,0,0,0,0,0,0,0,0,0,0,0,0,0,0,1,0,0,0,0,0,0,0,0,0
43,77921,2019,77921,42040091,chris_broussard,4/5/2019,2:02:48,KD leading the Knicks to a title would boost his already tremendous legacy into the stratosphere! https://twitter.com/FOXSports/status/1113818439410507776????,kd lead the knicks to title would boost his already tremendous legacy into the stratosphere,1,0.3333333333333333,1,-0.884015508,-0.725158927664409,0,0,0,1,0,0,0,0,0,0,0,0,0,0,0,0,0,0,0,0,0,0,0,0,0,0,0,0,0,0,0,0
44,121863,2018,121863,21735948,detnewsrodbeard,6/6/2018,2:28:10,"#Celtics Brad Stevens tells @dandakich of #Michigan's John Beilein as a potential #Pistons coach: ""He?????s one of the best coaches at any level in the world. If he makes the move to the NBA, it?????s not about how good a coach he is; it?????s about how supported he is (by an NBA team).""",celtics brad stevens tell dandakich of michigan john beilein as potential piston coach hes of the good coach at any level in the world if he make the move to the nba its not about how good coach he be its about how support he be by an nba team,1,0.4666666666666666,1,-0.821138829,-0.7786810270711428,0,0,0,1,0,0,0,0,0,0,0,0,0,0,0,0,0,0,0,0,0,0,0,0,0,0,0,0,0,0,0,0
45,36807,2019,36807,251655721,bdawsonwrites,7/7/2018,3:10:29,"With the trade official, Hamidou Diallo is available to play for the Thunder in today?????s Summer League game. Expectation is that he will play here in Vegas, but might or might not be today.",with the trade official hamidou diallo be available to play for the thunder in todays summer league game expectation be that he will play here in vegas but may or may not be today,0,0.0,-1,-0.24064117699999998,-0.08316212021779146,0,0,0,1,0,0,0,0,0,0,0,0,0,0,0,0,0,0,0,0,0,0,0,0,0,0,0,0,0,0,0,0
46,49625,2020,49625,57710919,chrisbhaynes,10/16/2019,1:02:24,Yahoo Sources: Portland Trail Blazers center Jusuf Nurkic is switching agents and will sign with Rich Paul of Klutch Sports Group.,yahoo source portland trail blazers center jusuf nurkic be switch agent and will sign with rich paul of klutch sports group,0,0.1375,1,0.6889922620000001,-0.3742818061103165,0,0,0,0,0,0,0,0,0,1,0,0,0,0,0,0,0,0,0,0,0,0,0,0,0,0,0,0,0,0,0,0
47,464516,2020,464516,38808354,ginamizell,1/27/2020,7:46:38,"Grizzlies have 12 turnovers, but #Suns' poor shooting has not been able to take advantage (six points). Now 8-of-29 from the floor (27.6 percent).",grizzly have turnover but suns poor shooting have not be able to take advantage point now of from the floor percent,-1,0.04999999999999999,-1,-0.5860960479999999,0.7235047944569375,0,0,0,1,0,0,0,0,0,0,0,0,0,0,0,0,0,0,0,0,0,0,0,0,0,0,0,0,0,0,0,0
48,338019,2017,338019,201105510,willguillory,1/2/2017,6:01:20,"Oklahoma's Baker Mayfield, Dede Westbrook look for Sugar Bowl win to complete 'phenomenal' season  http://s.nola.com/inz0QQH??",oklahoma baker mayfield dede westbrook look for sugar bowl win to complete phenomenal season,1,0.4666666666666666,1,0.705972552,-0.24807669872795446,0,0,0,0,0,0,0,1,0,0,0,0,0,0,0,0,0,0,0,0,0,0,0,0,0,0,0,0,0,0,0,0
49,360447,2018,360447,15966106,yourmandevine,8/31/2017,9:26:18,We're having fun getting to write about what makes these young players interesting and special. Hope that's coming through on the other end.,we be have fun get to write about what make these young player interesting and special hope that be come through on the other end,1,0.22642857142857142,1,0.083719254,-0.6825970432973787,0,0,0,0,0,1,0,0,0,0,0,0,0,0,0,0,0,0,0,0,0,0,0,0,0,0,0,0,0,0,0,0
50,568278,2020,568278,32765534,billsimmons,9/19/2019,2:28:34,Steph Curry Is Already Laying the Groundwork for the Year of Steph  https://www.theringer.com/nba/2019/9/18/20872568/steph-curry-olympics-golden-state-warriors?utm_campaign=theringer&utm_content=entry&utm_medium=social&utm_source=twitter???? via @ringer,steph curry be already lay the groundwork for the year of steph via ringer,1,0.0,1,-0.5960920160000001,-0.8888571791910393,0,0,0,1,0,0,0,0,0,0,0,0,0,0,0,0,0,0,0,0,0,0,0,0,0,0,0,0,0,0,1,0
51,595584,2019,595584,437735138,matt_velazquez,2/5/2019,8:58:03,"Bucks looks out of sorts offensively with the Nets swallowing up everything in the paint. Brooklyn on a 6-0 run and Bud calls timeout with Milwaukee leading, 16-15, and 4:55 left in the 1st.",buck look out of sort offensively with the net swallow up everything in the paint brooklyn on run and bud call timeout with milwaukee lead and leave in the st,0,0.0,-1,-0.55868423,-0.6268890250551618,0,0,0,1,0,0,0,0,0,0,0,0,0,0,0,0,0,0,0,0,0,0,0,0,0,0,0,1,0,0,0,0
52,422941,2020,422941,46422645,cassidyhubbarth,10/29/2019,11:10:06,Did @KarlTowns just become the scariest Joker?... I wasn??t ready when I zoomed in.... https://twitter.com/Timberwolves/status/1189014564366622720????,do karltowns just become the scary joker be not ready when zoom in,-1,-0.3,-1,0.402903557,-0.06345515448064953,0,0,0,1,0,0,1,0,0,0,0,0,0,0,0,0,0,0,0,0,0,0,0,0,0,0,0,0,0,0,0,0
53,573897,2020,573897,313111003,mirjamswanson,3/2/2020,4:40:35,No surprise to anyone who follows the Clippers that Brett Brown and the folks in Philly are enjoying having Tobias Harris around. pic.twitter.com/uMgigwUQPR,no surprise to anyone who follow the clipper that brett brown and the folk in philly be enjoy have tobias harris around pictwittercomumgigwuqpr,1,0.4,1,-0.45091050899999996,-0.6838015148542012,0,0,0,1,0,0,0,0,0,0,0,0,0,0,0,0,0,0,0,0,0,0,0,0,0,0,0,0,0,0,0,0
54,256285,2017,256285,17345647,talkhoops,9/21/2016,0:26:12,"PG 24th, Russ 28th. They both shoot REALLY poorly in isolation. https://twitter.com/JoshEberley/status/778267555924324352???????",pg th russ th they both shoot really poorly in isolation,-1,-0.4,-1,-0.025131404,0.4906047138452747,0,0,0,0,0,0,0,1,0,0,0,0,0,0,0,0,0,0,0,0,0,0,0,0,0,0,0,0,0,1,0,0
55,311144,2018,311144,31065027,vincegoodwill,7/8/2017,3:06:40,"If KD stayed in OKC like everybody claimed he should've, it changes nothing for the East. Too much incompetence, bad trades, bad drafts  https://twitter.com/mrcraw4d/status/883401345599918081???????",if kd stay in okc like everybody claim he should have it change nothing for the east too much incompetence bad trade bad draft,-1,-0.3999999999999999,-1,-0.44800961,0.07847601771065293,0,0,0,1,0,0,0,0,0,0,0,0,0,0,0,0,0,0,0,0,0,0,0,0,0,0,0,0,0,0,0,0
56,490697,2018,490697,84642278,jmcdonald_saen,3/14/2018,3:01:47,"An All-Star LaMarcus Aldridge didn't guarantee the playoffs in Portland, either. Even missed one year with Damian Lillard also in the starting lineup.  https://twitter.com/Aggie_Matt15/status/973632763239727104????",an all star lamarcus aldridge do not guarantee the playoff in portland either even miss year with damian lillard also in the starting lineup,-1,0.0,-1,-0.7419054509999999,0.5897592595066414,0,0,0,0,0,0,0,0,0,0,0,0,0,0,0,0,0,0,0,0,0,0,0,0,1,0,0,0,1,0,0,0
57,408209,2019,408209,109910925,basketballtalk,1/22/2019,8:00:35,"Luka Doncic becomes second NBA teenager to record triple-double, Bucks rout Mavs??anyway  https://wp.me/p14QT0-3COo??",luka doncic become second nba teenager to record triple double buck rout mavs anyway,1,0.0,1,-0.720713735,-0.5087036212680349,0,0,0,0,1,0,0,0,0,0,0,0,0,0,0,0,0,0,0,0,0,0,0,0,0,0,0,0,0,0,0,0
58,481463,2020,481463,84642278,jmcdonald_saen,12/13/2019,11:36:00,"Attn shut ins: Another really, really solid outing for Lonnie Walker in the works",attn shut ins another really really solid outing for lonnie walker in the work,1,0.0,-1,-0.776476979,0.2807838532741427,0,0,0,0,0,0,0,0,0,0,0,0,0,0,1,0,0,0,0,0,0,0,0,0,0,0,0,0,0,0,0,0
59,390852,2020,390852,21528745,andyblarsen,12/29/2019,2:50:40,"Right: he was a good player for a decade. That's awesome! But don't pump him up like he's going to be the most athletic 7-footer we've ever seen. Just be like ""we think he's a good athlete and can improve and can help this team""",right he be good player for decade that be awesome but do not pump him up like he be go to be the most athletic footer we have ever see just be like we think he be good athlete and can improve and can help this team,0,0.6371428571428572,1,0.752782822,-0.6548604728260133,0,0,0,1,0,0,0,0,0,0,0,0,0,0,0,0,0,0,0,0,0,0,0,0,0,0,0,0,0,0,0,0
60,517015,2018,517015,115556805,thefrankisola,5/6/2018,8:10:06,What? I do the radio show with Mr. Celtic @Scalabrine. Every morning he recites love letters and raps about the C's. (The other two hours are dedicated to LeBron. You are right about that.) https://twitter.com/daddy2danica/status/992918601786167296????,what do the radio show with mr celtic scalabrine every morning he recite love letter and rap about the the other hour be dedicate to lebron you be right about that,1,0.22023809523809523,1,-0.5610798,-0.8691229242597568,0,1,0,1,0,0,0,0,0,0,0,0,0,0,0,0,0,0,0,0,0,0,0,0,0,0,0,0,0,0,0,0
61,59599,2019,59599,123777284,chrisfedor,8/18/2018,8:59:26,Penalties continue to be an enormous issue for the Browns. Weird.,penalty continue to be an enormous issue for the brown weird,1,-0.25,1,0.46045470200000005,-0.25951055943625756,0,0,0,1,0,0,0,0,0,0,0,0,0,0,0,0,0,0,0,0,0,0,0,0,0,0,0,0,0,0,0,0
62,63306,2018,63306,123777284,chrisfedor,1/27/2018,14:50:14,"In the midst of the worst season of his career, #Cavs JR Smith turned to Kyle Korver, Damon Jones, Phil Handy & old film of himself to bust out of shooting slump http://www.cleveland.com/cavs/index.ssf/2018/01/jr_smith_needed_a_performance.html#incart_river_index????",in the midst of the bad season of his career cavs jr smith turn to kyle korver damon jones phil handy old film of himself to bust out of shoot slump,-1,4.625929269271486e-17,1,-0.709878564,-0.5092369661777679,0,0,0,1,0,0,0,0,0,0,0,0,0,0,0,0,0,0,0,0,0,0,0,0,0,0,0,0,0,0,0,0
63,330590,2018,330590,201105510,willguillory,2/27/2018,11:01:24,"Update: Anthony Davis is really, really good at basketball",update anthony davis be really really good at basketball,1,0.7,1,0.52268219,0.40484364261130845,0,0,0,1,0,0,0,0,0,0,0,0,0,0,0,0,0,0,0,0,0,0,0,0,0,0,0,0,0,0,0,0
64,437348,2017,437348,30070994,christopherhine,6/24/2017,4:38:52,"Connor Murphy: ""It means a lot to me Stan Bowman put trust in this trade believing I can help this team.""",connor murphy it mean lot to me stan bowman put trust in this trade believe can help this team,1,-0.3125,1,-0.049778998,-0.18121046176935396,0,0,0,1,0,0,0,0,0,0,0,0,0,0,0,0,0,0,0,0,0,0,0,0,0,0,0,0,0,0,0,0
65,377372,2019,377372,369723148,adamhimmelsbach,6/6/2019,9:41:38,Imagine the numbers Steph would put up on a trash team,imagine the number steph would put up on trash team,1,0.0,1,0.281422138,-0.772043042258016,0,0,0,0,0,0,0,0,0,0,0,0,0,0,0,0,0,0,0,0,0,0,0,0,0,0,0,0,0,0,1,0
66,546084,2019,546084,21487022,bytimreynolds,6/2/2019,0:18:01,"Pascal Siakam just missed a 3 and the rebound hit Marc Gasol in the face. ??I don??t like you anyway,?? Siakam told him. FAKE FINALS SCHISM!!!!",pascal siakam just miss and the rebound hit marc gasol in the face do not like you anyway siakam tell him fake final schism,-1,-0.25,-1,-0.841963053,0.4392935831978928,0,0,0,0,0,0,0,0,0,0,0,0,0,0,0,0,0,0,0,0,1,0,0,0,0,0,0,0,0,0,0,0
67,315798,2017,315798,31065027,vincegoodwill,11/18/2016,6:00:39,"Jimmy Butler?????s undeniable confidence: ""I'm the best [bleeping] player in the world' -  http://bit.ly/2f4sPXJ?? pic.twitter.com/1JZKAgwxiZ",jimmy butlers undeniable confidence i be the good bleeping player in the world pictwittercomjzkagwxiz,1,0.7,1,0.039856791,-0.597150490038206,0,0,0,0,0,0,0,0,0,0,0,0,0,0,0,1,0,0,0,0,0,0,0,0,0,0,0,0,0,0,0,0
68,491394,2018,491394,84642278,jmcdonald_saen,2/26/2018,12:39:48,"HYPOTHETICALLY ...

If LeBron indicated he wanted to come to SA next summer, it would happen. Whatever it takes. Like, this is no-brainer stuff. You don't even think about it. https://twitter.com/Faux_Schlmoe/status/967981954581909504????",hypothetically if lebron indicate he want to come to sa next summer it would happen whatever it take like this be no brainer stuff you do not even think about it,1,0.0,-1,0.088069558,-0.13972116110852117,0,1,0,0,0,0,0,0,0,0,0,0,0,0,0,0,0,0,0,0,0,0,0,0,0,0,0,0,0,0,0,0
69,159752,2020,159752,62264005,rodboone,1/23/2020,21:01:13,"Inconsistency puts Malik on the trade block and, as he admitted to me Monday, even he knows sometimes he's out there not contributing as he should.

 http://theathletic.com/1549219?? https://twitter.com/IanBegley/status/1220327984663531520???????",inconsistency put malik on the trade block and as he admit to me monday even he know sometimes he be out there not contribute as he should,-1,0.0,-1,-0.267810881,-0.08598194450635666,0,0,0,1,0,0,0,0,0,0,0,0,0,0,0,0,0,0,0,0,0,0,0,0,0,0,0,0,0,0,0,0
70,388156,2017,388156,369723148,adamhimmelsbach,12/23/2016,9:52:27,Paul George has just 2 points since the first quarter. Avery Bradley has done a nice job on him.,paul george have just point since the first quarter avery bradley have do nice job on him,1,0.425,1,0.9703519340000001,-0.08920392687908285,0,0,0,1,0,0,0,0,0,1,0,0,0,0,0,0,0,0,0,0,0,0,0,0,0,0,0,0,0,1,0,0
71,389363,2020,389363,21528745,andyblarsen,3/5/2020,10:07:55,"Jazz just attacking high PnR with Gobert rolling... after Conley delivered a lob, they're terrified of the pass to Gobert and Mitchell/Bogdanovic getting layups and trips to the FT line.",jazz just attack high pnr with gobert rolling after conley deliver lob they be terrify of the pass to gobert and mitchell bogdanovic get layup and trip to the ft line,-1,0.16,1,0.088838816,-0.03515722032967039,0,0,0,0,0,0,0,0,0,0,0,0,0,0,0,0,0,0,0,0,0,1,1,0,0,0,0,0,0,0,0,0
72,141032,2019,141032,1726655856,jcowleyhoops,11/20/2018,6:03:07,"Denzel Valentine's season is likely over, as the wing is headed for left ankle surgery, according to the Bulls.

 http://bit.ly/2Q4DKY1??",denzel valentine season be likely over as the wing be head for left ankle surgery accord to the bull,-1,0.0,-1,0.24138844,0.7696581489923511,0,0,0,1,0,0,0,0,0,0,0,0,0,0,0,0,0,0,0,0,0,0,0,0,0,0,0,0,0,0,0,0
73,554206,2019,554206,284089166,realmikewilbon,1/28/2019,1:44:17,"Can't wait to read ""Lessons From Lenny"" -- the new book on Len Bias by my guys @tonymassenburg and @WaltTheWizard42. Excited to hear their points of view...and having known and covered Len, I never tire of reading and learning about him...@TerrapinHoops pic.twitter.com/8Gnml7d1fr",can not wait to read lesson from lenny the new book on len bias by my guy tonymassenburg and waltthewizard excited to hear their point of view and have know and cover len never tire of reading and learn about him terrapinhoops pictwittercomgnmldfr,1,0.2556818181818182,1,-0.568422943,-0.8290339313017434,0,0,0,1,0,0,0,0,0,0,0,0,0,0,0,0,0,0,0,0,0,0,0,0,0,0,0,0,0,0,0,0
74,148139,2019,148139,51189656,nypost_berman,5/15/2019,20:43:06,??We feel very strongly we??ll be the environment he wants to be in??: #Pelicans GM David Griffin still thinking Anthony Davis will want to play with Zion #Knicks https://nypost.com/2019/05/15/knicks-anthony-davis-chances-likely-take-huge-hit/?utm_source=twitter_sitebuttons&utm_medium=site%20buttons&utm_campaign=site%20buttons????,we feel very strongly we will be the environment he want to be in pelicans gm david griffin still think anthony davis will want to play with zion knicks,1,0.5633333333333334,-1,-0.6977380809999999,0.40910653342517445,0,0,0,1,0,0,0,0,0,0,0,0,0,0,0,0,0,0,0,0,0,0,0,0,0,0,0,0,0,0,0,0
75,449487,2019,449487,292577345,davepasch,6/28/2018,11:10:34,"The Lakers already have a lot of talent (they were a .500 team from Jan 1 on). If they get Leonard & James, even if they have to surrender some of that talent??look out.",the lakers already have lot of talent they be team from jan on if they get leonard james even if they have to surrender some of that talent look out,1,0.0,1,-0.8776034340000001,-0.7385490906629922,0,1,0,1,0,0,0,0,1,0,0,0,0,0,0,0,0,0,0,0,0,0,0,0,0,0,0,0,0,0,0,0
76,171692,2020,171692,178580925,shamscharania,7/4/2019,0:36:12,"Boban Marjanovic is signing a two-year, $7M deal with the Dallas Mavericks, league sources tell @TheAthleticNBA @Stadium. https://twitter.com/ShamsCharania/status/1146456480645885952????",boban marjanovic be sign year deal with the dallas mavericks league source tell theathleticnba stadium,0,0.0,-1,0.403594613,-0.2374156542762541,0,0,0,1,0,0,0,0,0,0,0,0,0,0,0,0,0,0,0,0,0,0,0,0,0,0,0,0,0,0,0,0
77,359052,2018,359052,15966106,yourmandevine,11/2/2017,9:39:17,"At @YahooBDL: Lance Stephenson got a flagrant foul for hitting LeBron James in the groin, just like old times.  https://yhoo.it/2gVx1fS?? pic.twitter.com/PB8k0bKW1R",at yahoobdl lance stephenson get flagrant foul for hit lebron james in the groin just like old time pictwittercompbkbkwr,-1,0.1,1,0.09696161699999999,-0.3781198574399932,0,1,0,0,0,0,0,0,0,0,0,0,0,0,0,0,0,0,0,0,0,0,0,0,0,0,0,0,0,0,1,0
78,573133,2019,573133,462442486,termineradio,4/5/2019,10:08:09,"Go back in your truck and play with Curtlow, Salamihead.",go back in your truck and play with curtlow salamihead,-1,0.0,1,-0.7115971740000001,-0.5568336466026843,0,0,0,1,0,0,0,0,0,0,0,0,0,0,0,0,0,0,0,0,0,0,0,0,0,0,0,0,0,0,0,0
79,590811,2020,590811,437735138,matt_velazquez,12/10/2019,11:19:11,"Khris Middleton with a corner 3 off a pass from Giannis and that should do it.

Bucks up, 110-101, with 30.3 seconds left. Giannis 32 pts, 15 rebs, 8 assts; Middleton 20 pts (4/10 on 3's) and 9 rebs.",khris middleton with corner off pass from giannis and that should do it buck up with second leave giannis pts rebs asst middleton pts on and reb,1,0.0,-1,0.6848526,-0.5705912297614091,0,0,1,0,0,0,0,0,0,0,0,1,0,0,0,0,0,0,0,0,0,0,0,0,0,0,0,0,0,0,0,0
80,7425,2018,7425,30174658,anthony_chiang,4/26/2018,9:44:38,LeBron is just too good.,lebron be just too good,1,0.7,1,0.361474037,-0.6612292429173441,0,1,0,0,0,0,0,0,0,0,0,0,0,0,0,0,0,0,0,0,0,0,0,0,0,0,0,0,0,0,0,0
81,422442,2020,422442,46422645,cassidyhubbarth,12/10/2019,9:22:18,"This is a beautiful tribute to a father, a son and two respected and loved professionals. I didn??t know your dad @Ben_ESPN but I know you did him proud here... https://theathletic.com/1443908/2019/12/09/it-feels-like-hes-still-with-you-nick-cafardos-son-ben-pushes-forward-in-same-industry-as-his-late-father/????",this be beautiful tribute to father son and respected and loved professional do not know your dad benespn but know you do him proud here,1,0.6125,1,0.566867948,-0.7843397697057842,0,0,0,1,0,0,0,0,0,0,0,0,0,0,0,0,0,0,0,0,0,0,0,0,0,0,0,0,0,0,0,0
82,562249,2019,562249,47517155,seeratsohi,2/7/2019,9:11:29,"Gametime reading: how Middleton  became an All Star by changing his shot selection, scoring less points, getting benched and compromising with his new coach https://twitter.com/seeratsohi/status/1093231245302083584????",gametime reading how middleton become an all star by change his shot selection score less point get bench and compromise with his new coach,1,-0.015151515151515152,1,-0.5275581779999999,-0.4549619554340747,0,0,0,1,0,0,0,0,0,0,0,1,0,0,0,0,0,0,0,0,0,0,0,0,0,0,0,0,0,0,0,0
83,436502,2018,436502,30070994,christopherhine,9/24/2017,10:07:41,End of the second period and it's 3-1 CBJ. Hawks lead in SOG 36-15.,end of the second period and it be cbj hawk lead in sog,0,0.0,-1,-0.76439634,-0.8245536606871664,0,0,0,1,0,0,0,0,0,0,0,0,0,0,0,0,0,0,0,0,0,0,0,0,0,0,0,0,0,0,0,0
84,33505,2019,33505,251655721,bdawsonwrites,12/26/2018,5:49:27,"Thunder 88 Rockets 86 End 3Q | Paul George 23 points, 12 rebounds; Russell Westbrook 20, 5, 7 assists; Steven Adams 16, 7. James Harden with 37, 6, 5 for Houston.",thunder rocket end paul george point rebound russell westbrook assist steven adams james harden with for houston,0,0.0,-1,-0.309222221,-0.5770284454111088,1,1,0,1,0,0,0,1,0,1,0,0,0,0,0,0,0,0,0,0,0,0,0,0,0,0,0,0,0,1,0,0
85,376151,2020,376151,369723148,adamhimmelsbach,12/12/2019,8:54:58,"Really bad foul by Jaylen there in the backcourt. It's his 3rd, Indy in the penalty, and Brogdon the ft shooter.",really bad foul by jaylen there in the backcourt it be his rd indy in the penalty and brogdon the ft shooter,-1,-0.6999999999999998,1,-0.8923526629999999,0.26205373088759987,0,0,0,1,0,0,0,0,0,0,0,0,0,0,0,0,0,0,0,0,0,0,0,0,0,0,0,0,0,0,0,0
86,411718,2019,411718,109910925,basketballtalk,7/3/2018,22:00:30,Report: LeBron James told Lakers he??s excited to play with Lonzo??Ball  https://wp.me/p14QT0-3yWF??,report lebron james tell lakers he excited to play with lonzo ball,1,0.375,1,-0.9283873290000001,-0.6753529945593948,0,1,0,0,0,0,0,0,0,0,0,0,0,0,0,0,0,0,0,0,0,0,0,0,0,0,0,0,0,0,0,0
87,110394,2020,110394,21735948,detnewsrodbeard,11/12/2019,2:57:28,I mean...that's good thinking ahead.,mean that be good thinking ahead,1,0.19374999999999998,1,0.787711024,-0.39672897570791843,0,0,0,1,0,0,0,0,0,0,0,0,0,0,0,0,0,0,0,0,0,0,0,0,0,0,0,0,0,0,0,0
88,409932,2019,409932,109910925,basketballtalk,10/21/2018,5:13:28,Lakers?? James to make home debut against Rockets??tonight  https://wp.me/p14QT0-3AKA??,lakers james to make home debut against rocket tonight,0,0.0,1,0.052736282,-0.5419373131726266,0,1,0,0,0,0,0,0,0,0,0,0,0,0,0,0,0,0,0,0,0,0,0,0,0,0,0,0,0,0,0,0
89,556661,2020,556661,205906536,omarisankofa,12/14/2019,11:29:22,"Grizzlies lose to the Bucks, 127-114. The loss shouldn't overshadow the best game of JJJ's career ?? 43 points, 14-21 overall and 9-15 from 3. Tied a franchise record in 3-pointers made",grizzly lose to the buck the loss should not overshadow the good game of jj career point overall and from tie franchise record in pointers make,1,0.09999999999999998,-1,-0.223085225,0.7259429552160399,0,0,0,1,0,0,0,0,0,0,0,0,0,0,0,0,0,0,0,0,0,0,0,0,0,0,0,0,0,0,0,0
90,418794,2018,418794,44678264,briancmahoney,5/21/2018,9:22:27,That last minute of the half killed the Rockets. Were somehow only down 48-41 despite how bad things had gone and then let it get away again.,that last minute of the half kill the rocket be somehow only down despite how bad thing have go and then let it get away again,-1,-0.20444444444444443,-1,-0.6105874179999999,0.6039569412423593,0,0,0,1,0,0,0,0,0,0,0,0,0,0,0,0,0,0,0,0,0,0,0,0,0,0,0,0,0,0,0,0
91,305851,2019,305851,31065027,vincegoodwill,11/15/2018,0:22:16,"Jimmy Butler will start for Philly tonight against the Magic. With Embiid, Simmons, Redick and Wilson Chandler",jimmy butler will start for philly tonight against the magic with embiid simmons redick and wilson chandler,0,0.5,1,-0.19471555899999998,-0.11134960271908012,0,0,0,0,0,0,0,0,0,0,0,0,0,0,0,1,1,1,0,0,0,0,0,0,0,0,0,0,0,0,0,0
92,276820,2017,276820,17345647,talkhoops,6/18/2016,2:47:29,Why would you even be allowed to bring fireworks into a soccer stadium? Did @andyblarsen do this?,why would you even be allow to bring firework into soccer stadium do andyblarsen do this,-1,0.0,-1,0.651604176,-0.8237976608176397,0,0,0,1,0,0,0,0,0,0,0,0,0,0,0,0,0,0,0,0,0,0,0,0,0,0,0,0,0,0,0,0
93,252433,2017,252433,17345647,talkhoops,11/4/2016,23:36:27,Not much spreads more panic than a four-game sample size.,not much spread more panic than game sample size,-1,0.0,-1,-0.220595717,0.7552364357654431,0,0,0,1,0,0,0,0,0,0,0,0,0,0,0,0,0,0,0,0,0,0,0,0,0,0,0,0,0,0,0,0
94,94714,2017,94714,858750770,darthamin,3/21/2017,9:54:05,"Those BHM jersey?!? ???????????? RT @hoopshype: These are real @nbadleague jerseys.

I want them all. pic.twitter.com/bPRZhZfmOp",those bhm jersey rt hoopshype these be real nbadleague jersey want them all pictwittercombprzhzfmop,1,0.2,-1,0.825460315,0.8141187673909667,0,0,0,1,0,0,0,0,0,0,0,0,0,0,0,0,0,0,0,0,0,0,0,0,0,0,0,0,0,0,0,0
95,137885,2017,137885,287770878,jaredsgreenberg,4/10/2017,22:35:25,I'm still leaning toward Harden for #MVP but aren't the @dmorey tweets about winning actually making the case for Kawhi to be #MVP?,i be still lean toward harden for mvp but be not the dmorey tweet about win actually make the case for kawhi to be mvp,1,0.4,-1,0.15007782,0.056886200074545146,1,0,0,0,0,0,0,0,1,0,0,0,0,0,0,0,0,0,0,0,0,0,0,0,0,0,0,0,0,0,0,0
96,126698,2018,126698,108388673,greganthony50,2/2/2018,3:40:05,???????????????????????? glad they rewarded the @MiamiHEAT for their season thus far!!! https://twitter.com/complexsports/status/959145628516397061????,glad they reward the miamiheat for their season thus far,1,0.3,1,0.77007103,0.4527430464287556,0,0,0,1,0,0,0,0,0,0,0,0,0,0,0,0,0,0,0,0,0,0,0,0,0,0,0,0,0,0,0,0
97,350771,2019,350771,15966106,yourmandevine,9/12/2018,0:05:08,"""These people are respectful, they?????re humble and they love us, man, but if you just watch on TV, you?????d never know that."" Another great read from Jeff. https://twitter.com/JeffEisenberg/status/1039519582279544832???????",these people be respectful theyre humble and they love us man but if you just watch on tv youd never know that another great read from jeff,1,0.4,1,0.7274839879999999,-0.5610649816713711,0,0,0,1,0,0,0,0,0,0,0,0,0,0,0,0,0,0,0,0,0,0,0,0,0,0,0,0,0,0,0,0
98,54031,2020,54031,123777284,chrisfedor,11/15/2019,13:00:59,Myles Garrett just endangered someone's life on the football field by swinging a weapon at Mason Rudolph's head. It could have been tragic. Thank God it's not. Completely disgusting. One of the ugliest acts I've ever seen. His season should be over.,myles garrett just endanger someone life on the football field by swinge weapon at mason rudolph head it could have be tragic thank god it be not completely disgusting of the ugly act i have ever see his season should be over,-1,-0.31666666666666665,-1,-0.893271796,0.8203378829173933,0,0,0,1,0,0,0,0,0,0,0,0,0,0,0,0,0,0,0,0,0,0,0,0,0,0,0,0,0,0,0,0
99,29631,2018,29631,251655721,bdawsonwrites,1/31/2018,6:11:05,It doesn?????t even come with a head.,it doesnt even come with head,-1,0.0,-1,-0.5316591860000001,-0.06453837307637411,0,0,0,1,0,0,0,0,0,0,0,0,0,0,0,0,0,0,0,0,0,0,0,0,0,0,0,0,0,0,0,0
100,396187,2019,396187,21528745,andyblarsen,2/13/2019,5:31:20,San Antonio count? Cause they're worse than the other teams,san antonio count cause they be bad than the other team,-1,-0.4124999999999999,-1,-0.41178095299999995,0.7175563353491143,0,0,0,1,0,0,0,0,0,0,0,0,0,0,0,0,0,0,0,0,0,0,0,0,0,0,0,0,0,0,0,0
101,388788,2017,388788,369723148,adamhimmelsbach,11/12/2016,8:58:58,Jaylen Brown skied for that block. What a play.,jaylen brown ski for that block what play,1,0.0,-1,-0.778023839,-0.19386486382475743,0,0,0,1,0,0,0,0,0,0,0,0,0,0,0,0,0,0,0,0,0,0,0,0,0,0,0,0,0,0,0,0
102,342957,2020,342957,15966106,yourmandevine,10/28/2019,9:25:36,"Kyrie's averaging 37.7 pts + 6.3 asts per game, pulling out wild highlights, playing only games that go down to the last possession and/or overtime, and leading a 1-2 team that could be 3-0 or 0-3. Good, bad, or otherwise, it's been very watchable shit:  https://www.theringer.com/nba/2019/10/24/20930797/kyrie-irving-brooklyn-nets-season-opener??????? https://twitter.com/SNYtv/status/1188589262020759553???????",kyrie average pts ast per game pull out wild highlight play only game that go down to the last possession andor overtime and lead team that could be or good bad or otherwise it be be very watchable shit,1,-0.0914141414141414,-1,-0.882936321,-0.49120453276354825,0,0,0,1,0,0,0,0,0,0,0,0,0,0,0,0,0,0,0,0,0,0,0,0,0,0,0,0,0,0,0,0
103,603927,2019,603927,448256178,mattwinertv,5/19/2019,11:02:50,"That was phenomenal D by Draymond...and it leads to go-ahead lay-up. He's been such a force tonight
#WesternConferenceFinals",that be phenomenal by draymond and it lead to go ahead lay up he be be such force tonight westernconferencefinal,1,0.25,-1,-0.936552979,-0.032524357003276605,0,0,0,1,0,0,0,0,0,0,0,0,0,0,0,0,0,0,0,0,0,0,0,0,0,0,0,0,0,0,0,0
