season,player
1980,George Gervin
1980,Eddie Johnson
1980,Moses Malone
1980,Julius Erving
1980,John Drew
1980,Elvin Hayes
1980,Dan Roundfield
1980,Larry Bird
1980,Tiny Archibald
1980,Bill Cartwright
1980,Micheal Ray Richardson
1980,Marques Johnson
1980,Adrian Dantley
1980,Kareem Abdul-Jabbar
1980,Magic Johnson
1980,World B. Free
1980,Jack Sikma
1980,Paul Westphal
1980,Walter Davis
1980,Dennis Johnson
1980,Kermit Washington
1980,Otis Birdsong
1981,Julius Erving
1981,Eddie Johnson
1981,Artis Gilmore
1981,Reggie Theus
1981,Larry Bird
1981,Robert Parish
1981,Tiny Archibald
1981,Micheal Ray Richardson
1981,Marques Johnson
1981,Bobby Jones
1981,Mike Mitchell
1981,Paul Westphal
1981,George Gervin
1981,Kareem Abdul-Jabbar
1981,Walter Davis
1981,Adrian Dantley
1981,Jamaal Wilkes
1981,Dennis Johnson
1981,Moses Malone
1981,Truck Robinson
1981,Jack Sikma
1981,Otis Birdsong
1982,Julius Erving
1982,Larry Bird
1982,Tiny Archibald
1982,Isiah Thomas
1982,Artis Gilmore
1982,Sidney Moncrief
1982,Buck Williams
1982,Robert Parish
1982,Micheal Ray Richardson
1982,Kelly Tripucka
1982,Bobby Jones
1982,Bob Lanier
1982,George Gervin
1982,Gus Williams
1982,Kareem Abdul-Jabbar
1982,Adrian Dantley
1982,Lonnie Shelton
1982,Magic Johnson
1982,Jack Sikma
1982,Moses Malone
1982,Norm Nixon
1982,Dennis Johnson
1982,Bernard King
1982,Alex English
1983,Isiah Thomas
1983,Larry Bird
1983,Julius Erving
1983,Moses Malone
1983,Maurice Cheeks
1983,Sidney Moncrief
1983,Marques Johnson
1983,Buck Williams
1983,Robert Parish
1983,Andrew Toney
1983,Reggie Theus
1983,Bill Laimbeer
1983,Magic Johnson
1983,Kareem Abdul-Jabbar
1983,Maurice Lucas
1983,Alex English
1983,David Thompson
1983,Jim Paxson
1983,Jack Sikma
1983,Artis Gilmore
1983,Jamaal Wilkes
1983,Gus Williams
1983,George Gervin
1983,Kiki Vandeweghe
1984,Isiah Thomas
1984,Julius Erving
1984,Larry Bird
1984,Robert Parish
1984,Sidney Moncrief
1984,Bernard King
1984,Andrew Toney
1984,Bill Laimbeer
1984,Jeff Ruland
1984,Otis Birdsong
1984,Kevin McHale
1984,Kelly Tripucka
1984,Kareem Abdul-Jabbar
1984,Magic Johnson
1984,George Gervin
1984,Alex English
1984,Adrian Dantley
1984,Jack Sikma
1984,Kiki Vandeweghe
1984,Rickey Green
1984,Ralph Sampson
1984,Walter Davis
1984,Jim Paxson
1984,Mark Aguirre
1985,Magic Johnson
1985,Ralph Sampson
1985,George Gervin
1985,Kareem Abdul-Jabbar
1985,Adrian Dantley
1985,Rolando Blackman
1985,Norm Nixon
1985,Larry Nance
1985,Hakeem Olajuwon
1985,Alex English
1985,Jack Sikma
1985,Calvin Natt
1985,Moses Malone
1985,Larry Bird
1985,Isiah Thomas
1985,Julius Erving
1985,Michael Jordan
1985,Bernard King
1985,Sidney Moncrief
1985,Terry Cummings
1985,Micheal Ray Richardson
1985,Dennis Johnson
1985,Bill Laimbeer
1985,Robert Parish
1986,Isiah Thomas
1986,Larry Bird
1986,Moses Malone
1986,Sidney Moncrief
1986,Julius Erving
1986,Buck Williams
1986,Kevin McHale
1986,Dominique Wilkins
1986,Maurice Cheeks
1986,Jeff Malone
1986,Robert Parish
1986,Kareem Abdul-Jabbar
1986,James Worthy
1986,Magic Johnson
1986,Ralph Sampson
1986,Alvin Robertson
1986,Rolando Blackman
1986,Adrian Dantley
1986,Alex English
1986,Clyde Drexler
1986,Hakeem Olajuwon
1986,Artis Gilmore
1986,Marques Johnson
1987,Magic Johnson
1987,Tom Chambers
1987,James Worthy
1987,Hakeem Olajuwon
1987,Alvin Robertson
1987,Kareem Abdul-Jabbar
1987,Rolando Blackman
1987,Sleepy Floyd
1987,Joe Barry Carroll
1987,Mark Aguirre
1987,Walter Davis
1987,Alex English
1987,Moses Malone
1987,Larry Bird
1987,Julius Erving
1987,Michael Jordan
1987,Dominique Wilkins
1987,Kevin McHale
1987,Isiah Thomas
1987,Charles Barkley
1987,Jeff Malone
1987,Bill Laimbeer
1987,Maurice Cheeks
1987,Robert Parish
1988,Larry Bird
1988,Dominique Wilkins
1988,Michael Jordan
1988,Isiah Thomas
1988,Moses Malone
1988,Danny Ainge
1988,Patrick Ewing
1988,Doc Rivers
1988,Brad Daugherty
1988,Charles Barkley
1988,Kevin McHale
1988,Maurice Cheeks
1988,Magic Johnson
1988,Karl Malone
1988,Fat Lever
1988,Hakeem Olajuwon
1988,Alex English
1988,Clyde Drexler
1988,Kareem Abdul-Jabbar
1988,James Worthy
1988,Xavier McDaniel
1988,Mark Aguirre
1988,Alvin Robertson
1988,James Donaldson
1989,John Stockton
1989,Alex English
1989,Karl Malone
1989,Dale Ellis
1989,Hakeem Olajuwon
1989,Clyde Drexler
1989,James Worthy
1989,Tom Chambers
1989,Chris Mullin
1989,Kareem Abdul-Jabbar
1989,Mark Eaton
1989,Kevin Duckworth
1989,Michael Jordan
1989,Isiah Thomas
1989,Charles Barkley
1989,Moses Malone
1989,Dominique Wilkins
1989,Mark Price
1989,Terry Cummings
1989,Larry Nance
1989,Patrick Ewing
1989,Kevin McHale
1989,Mark Jackson
1989,Brad Daugherty
1990,Michael Jordan
1990,Isiah Thomas
1990,Patrick Ewing
1990,Larry Bird
1990,Charles Barkley
1990,Robert Parish
1990,Kevin McHale
1990,Joe Dumars
1990,Dominique Wilkins
1990,Reggie Miller
1990,Scottie Pippen
1990,Dennis Rodman
1990,Hakeem Olajuwon
1990,Magic Johnson
1990,James Worthy
1990,John Stockton
1990,A.C. Green
1990,David Robinson
1990,Fat Lever
1990,Tom Chambers
1990,Rolando Blackman
1990,Clyde Drexler
1990,Chris Mullin
1990,Kevin Johnson
1991,Michael Jordan
1991,Charles Barkley
1991,Patrick Ewing
1991,Bernard King
1991,Joe Dumars
1991,Dominique Wilkins
1991,Ricky Pierce
1991,Hersey Hawkins
1991,Kevin McHale
1991,Brad Daugherty
1991,Alvin Robertson
1991,Robert Parish
1991,Karl Malone
1991,Magic Johnson
1991,Chris Mullin
1991,Kevin Johnson
1991,David Robinson
1991,James Worthy
1991,Clyde Drexler
1991,Kevin Duckworth
1991,Tom Chambers
1991,Terry Porter
1991,Tim Hardaway
1991,John Stockton
1992,Magic Johnson
1992,Clyde Drexler
1992,Chris Mullin
1992,Karl Malone
1992,David Robinson
1992,Jeff Hornacek
1992,Tim Hardaway
1992,Hakeem Olajuwon
1992,John Stockton
1992,James Worthy
1992,Dan Majerle
1992,Dikembe Mutombo
1992,Otis Thorpe
1992,Michael Jordan
1992,Isiah Thomas
1992,Charles Barkley
1992,Scottie Pippen
1992,Patrick Ewing
1992,Dennis Rodman
1992,Joe Dumars
1992,Reggie Lewis
1992,Brad Daugherty
1992,Mark Price
1992,Michael Adams
1992,Kevin Willis
1993,Karl Malone
1993,Charles Barkley
1993,John Stockton
1993,David Robinson
1993,Clyde Drexler
1993,Dan Majerle
1993,Tim Hardaway
1993,Hakeem Olajuwon
1993,Terry Porter
1993,Danny Manning
1993,Sean Elliott
1993,Shawn Kemp
1993,Michael Jordan
1993,Isiah Thomas
1993,Scottie Pippen
1993,Shaquille O'Neal
1993,Larry Johnson
1993,Patrick Ewing
1993,Mark Price
1993,Brad Daugherty
1993,Dominique Wilkins
1993,Joe Dumars
1993,Detlef Schrempf
1993,Larry Nance
1994,Scottie Pippen
1994,Shaquille O'Neal
1994,B.J. Armstrong
1994,Derrick Coleman
1994,Kenny Anderson
1994,Patrick Ewing
1994,Mark Price
1994,John Starks
1994,Dominique Wilkins
1994,Horace Grant
1994,Mookie Blaylock
1994,Charles Oakley
1994,Hakeem Olajuwon
1994,Mitch Richmond
1994,Shawn Kemp
1994,Karl Malone
1994,Clyde Drexler
1994,John Stockton
1994,David Robinson
1994,Clifford Robinson
1994,Danny Manning
1994,Gary Payton
1994,Latrell Sprewell
1994,Kevin Johnson
1995,Hakeem Olajuwon
1995,Charles Barkley
1995,Shawn Kemp
1995,Latrell Sprewell
1995,Dan Majerle
1995,Gary Payton
1995,Mitch Richmond
1995,Dikembe Mutombo
1995,Detlef Schrempf
1995,Karl Malone
1995,David Robinson
1995,John Stockton
1995,Anfernee Hardaway
1995,Scottie Pippen
1995,Shaquille O'Neal
1995,Reggie Miller
1995,Grant Hill
1995,Patrick Ewing
1995,Joe Dumars
1995,Larry Johnson
1995,Alonzo Mourning
1995,Dana Barros
1995,Vin Baker
1995,Tyrone Hill
1996,Anfernee Hardaway
1996,Shaquille O'Neal
1996,Grant Hill
1996,Scottie Pippen
1996,Michael Jordan
1996,Terrell Brandon
1996,Reggie Miller
1996,Juwan Howard
1996,Glen Rice
1996,Vin Baker
1996,Alonzo Mourning
1996,Patrick Ewing
1996,Shawn Kemp
1996,Jason Kidd
1996,Clyde Drexler
1996,Charles Barkley
1996,Hakeem Olajuwon
1996,Gary Payton
1996,Mitch Richmond
1996,David Robinson
1996,Sean Elliott
1996,Karl Malone
1996,John Stockton
1996,Dikembe Mutombo
1997,Michael Jordan
1997,Scottie Pippen
1997,Anfernee Hardaway
1997,Grant Hill
1997,Dikembe Mutombo
1997,Glen Rice
1997,Vin Baker
1997,Christian Laettner
1997,Terrell Brandon
1997,Tim Hardaway
1997,Chris Webber
1997,Joe Dumars
1997,Gary Payton
1997,John Stockton
1997,Hakeem Olajuwon
1997,Karl Malone
1997,Shawn Kemp
1997,Latrell Sprewell
1997,Mitch Richmond
1997,Detlef Schrempf
1997,Tom Gugliotta
1997,Kevin Garnett
1997,Eddie Jones
1997,Chris Gatling
1998,Michael Jordan
1998,Grant Hill
1998,Shawn Kemp
1998,Dikembe Mutombo
1998,Anfernee Hardaway
1998,Rik Smits
1998,Reggie Miller
1998,Jayson Williams
1998,Tim Hardaway
1998,Glen Rice
1998,Steve Smith
1998,Antoine Walker
1998,Gary Payton
1998,Kobe Bryant
1998,Kevin Garnett
1998,Shaquille O'Neal
1998,Karl Malone
1998,Eddie Jones
1998,David Robinson
1998,Vin Baker
1998,Nick Van Exel
1998,Jason Kidd
1998,Mitch Richmond
1998,Tim Duncan
2000,Kevin Garnett
2000,Jason Kidd
2000,Tim Duncan
2000,Kobe Bryant
2000,Shaquille O'Neal
2000,Rasheed Wallace
2000,Gary Payton
2000,Chris Webber
2000,John Stockton
2000,Michael Finley
2000,David Robinson
2000,Karl Malone
2000,Allen Iverson
2000,Vince Carter
2000,Alonzo Mourning
2000,Eddie Jones
2000,Grant Hill
2000,Reggie Miller
2000,Allan Houston
2000,Ray Allen
2000,Glenn Robinson
2000,Dikembe Mutombo
2000,Jerry Stackhouse
2000,Dale Davis
2001,Allen Iverson
2001,Vince Carter
2001,Tracy McGrady
2001,Antonio Davis
2001,Anthony Mason
2001,Dikembe Mutombo
2001,Ray Allen
2001,Stephon Marbury
2001,Glenn Robinson
2001,Latrell Sprewell
2001,Jerry Stackhouse
2001,Allan Houston
2001,Kobe Bryant
2001,Jason Kidd
2001,Chris Webber
2001,Tim Duncan
2001,Kevin Garnett
2001,Rasheed Wallace
2001,Michael Finley
2001,Gary Payton
2001,Antonio McDyess
2001,David Robinson
2001,Vlade Divac
2001,Karl Malone
2002,Kobe Bryant
2002,Tim Duncan
2002,Kevin Garnett
2002,Chris Webber
2002,Steve Francis
2002,Dirk Nowitzki
2002,Steve Nash
2002,Gary Payton
2002,Elton Brand
2002,Peja Stojakovic
2002,Wally Szczerbiak
2002,Allen Iverson
2002,Michael Jordan
2002,Dikembe Mutombo
2002,Jason Kidd
2002,Antoine Walker
2002,Ray Allen
2002,Tracy McGrady
2002,Paul Pierce
2002,Shareef Abdur-Rahim
2002,Jermaine O'Neal
2002,Alonzo Mourning
2002,Baron Davis
2003,Kevin Garnett
2003,Tim Duncan
2003,Kobe Bryant
2003,Steve Francis
2003,Yao Ming
2003,Shaquille O'Neal
2003,Shawn Marion
2003,Dirk Nowitzki
2003,Steve Nash
2003,Gary Payton
2003,Stephon Marbury
2003,Peja Stojakovic
2003,Allen Iverson
2003,Tracy McGrady
2003,Michael Jordan
2003,Jermaine O'Neal
2003,Ben Wallace
2003,Jason Kidd
2003,Vince Carter
2003,Paul Pierce
2003,Brad Miller
2003,Jamal Mashburn
2003,Antoine Walker
2003,Zydrunas Ilgauskas
2004,Kobe Bryant
2004,Kevin Garnett
2004,Tim Duncan
2004,Steve Francis
2004,Yao Ming
2004,Ray Allen
2004,Shaquille O'Neal
2004,Sam Cassell
2004,Peja Stojakovic
2004,Dirk Nowitzki
2004,Andrei Kirilenko
2004,Brad Miller
2004,Jermaine O'Neal
2004,Allen Iverson
2004,Ben Wallace
2004,Tracy McGrady
2004,Vince Carter
2004,Kenyon Martin
2004,Jason Kidd
2004,Jamaal Magloire
2004,Metta World Peace
2004,Baron Davis
2004,Michael Redd
2004,Paul Pierce
2005,Allen Iverson
2005,LeBron James
2005,Shaquille O'Neal
2005,Vince Carter
2005,Grant Hill
2005,Dwyane Wade
2005,Jermaine O'Neal
2005,Zydrunas Ilgauskas
2005,Paul Pierce
2005,Gilbert Arenas
2005,Ben Wallace
2005,Antawn Jamison
2005,Kobe Bryant
2005,Tracy McGrady
2005,Yao Ming
2005,Tim Duncan
2005,Kevin Garnett
2005,Ray Allen
2005,Manu Ginobili
2005,Dirk Nowitzki
2005,Amar'e Stoudemire
2005,Steve Nash
2005,Shawn Marion
2005,Rashard Lewis
2006,Dwyane Wade
2006,LeBron James
2006,Allen Iverson
2006,Shaquille O'Neal
2006,Vince Carter
2006,Ben Wallace
2006,Rasheed Wallace
2006,Chris Bosh
2006,Chauncey Billups
2006,Paul Pierce
2006,Richard Hamilton
2006,Gilbert Arenas
2006,Steve Nash
2006,Tracy McGrady
2006,Kobe Bryant
2006,Tim Duncan
2006,Yao Ming
2006,Tony Parker
2006,Ray Allen
2006,Shawn Marion
2006,Elton Brand
2006,Kevin Garnett
2006,Dirk Nowitzki
2006,Pau Gasol
2007,Kobe Bryant
2007,Tracy McGrady
2007,Dirk Nowitzki
2007,Tim Duncan
2007,Kevin Garnett
2007,Carmelo Anthony
2007,Tony Parker
2007,Shawn Marion
2007,Ray Allen
2007,Amar'e Stoudemire
2007,Josh Howard
2007,Mehmet Okur
2007,LeBron James
2007,Dwyane Wade
2007,Chris Bosh
2007,Gilbert Arenas
2007,Shaquille O'Neal
2007,Jermaine O'Neal
2007,Dwight Howard
2007,Joe Johnson
2007,Chauncey Billups
2007,Vince Carter
2007,Caron Butler
2007,Richard Hamilton
2008,Dwight Howard
2008,LeBron James
2008,Jason Kidd
2008,Dwyane Wade
2008,Chris Bosh
2008,Ray Allen
2008,Chauncey Billups
2008,Richard Hamilton
2008,Rasheed Wallace
2008,Joe Johnson
2008,Paul Pierce
2008,Antawn Jamison
2008,Tim Duncan
2008,Carmelo Anthony
2008,Allen Iverson
2008,Yao Ming
2008,Kobe Bryant
2008,Brandon Roy
2008,Chris Paul
2008,Dirk Nowitzki
2008,Amar'e Stoudemire
2008,Steve Nash
2008,Carlos Boozer
2008,David West
2009,Kobe Bryant
2009,Chris Paul
2009,Amar'e Stoudemire
2009,Tim Duncan
2009,Yao Ming
2009,Brandon Roy
2009,Tony Parker
2009,Chauncey Billups
2009,Pau Gasol
2009,David West
2009,Dirk Nowitzki
2009,Shaquille O'Neal
2009,Dwight Howard
2009,LeBron James
2009,Dwyane Wade
2009,Kevin Garnett
2009,Allen Iverson
2009,Joe Johnson
2009,Rashard Lewis
2009,Paul Pierce
2009,Ray Allen
2009,Devin Harris
2009,Mo Williams
2009,Danny Granger
2010,LeBron James
2010,Dwyane Wade
2010,Dwight Howard
2010,Joe Johnson
2010,Kevin Garnett
2010,Chris Bosh
2010,Rajon Rondo
2010,Gerald Wallace
2010,Derrick Rose
2010,Al Horford
2010,David Lee
2010,Paul Pierce
2010,Carmelo Anthony
2010,Dirk Nowitzki
2010,Steve Nash
2010,Amar'e Stoudemire
2010,Tim Duncan
2010,Deron Williams
2010,Chauncey Billups
2010,Pau Gasol
2010,Kevin Durant
2010,Zach Randolph
2010,Chris Kaman
2010,Jason Kidd
2011,Kevin Durant
2011,Kobe Bryant
2011,Chris Paul
2011,Carmelo Anthony
2011,Tim Duncan
2011,Pau Gasol
2011,Manu Ginobili
2011,Deron Williams
2011,Blake Griffin
2011,Dirk Nowitzki
2011,Russell Westbrook
2011,Kevin Love
2011,LeBron James
2011,Derrick Rose
2011,Amar'e Stoudemire
2011,Dwight Howard
2011,Dwyane Wade
2011,Chris Bosh
2011,Rajon Rondo
2011,Joe Johnson
2011,Ray Allen
2011,Paul Pierce
2011,Al Horford
2011,Kevin Garnett
2012,Kevin Durant
2012,Kobe Bryant
2012,Blake Griffin
2012,Chris Paul
2012,Andrew Bynum
2012,Russell Westbrook
2012,Kevin Love
2012,Dirk Nowitzki
2012,Marc Gasol
2012,Tony Parker
2012,LaMarcus Aldridge
2012,Steve Nash
2012,Dwyane Wade
2012,LeBron James
2012,Dwight Howard
2012,Carmelo Anthony
2012,Derrick Rose
2012,Chris Bosh
2012,Deron Williams
2012,Rajon Rondo
2012,Andre Iguodala
2012,Paul Pierce
2012,Roy Hibbert
2012,Luol Deng
2013,Kevin Durant
2013,Kobe Bryant
2013,Blake Griffin
2013,Chris Paul
2013,Dwight Howard
2013,James Harden
2013,Tony Parker
2013,Russell Westbrook
2013,David Lee
2013,Zach Randolph
2013,LaMarcus Aldridge
2013,Tim Duncan
2013,Carmelo Anthony
2013,LeBron James
2013,Dwyane Wade
2013,Chris Bosh
2013,Kevin Garnett
2013,Kyrie Irving
2013,Paul George
2013,Luol Deng
2013,Tyson Chandler
2013,Joakim Noah
2013,Jrue Holiday
2013,Brook Lopez
2014,Kyrie Irving
2014,LeBron James
2014,Paul George
2014,Carmelo Anthony
2014,Dwyane Wade
2014,Joakim Noah
2014,John Wall
2014,DeMar DeRozan
2014,Paul Millsap
2014,Roy Hibbert
2014,Chris Bosh
2014,Joe Johnson
2014,Kevin Durant
2014,Kevin Love
2014,Blake Griffin
2014,Stephen Curry
2014,James Harden
2014,Chris Paul
2014,Dwight Howard
2014,LaMarcus Aldridge
2014,Tony Parker
2014,Anthony Davis
2014,Damian Lillard
2014,Dirk Nowitzki
2015,James Harden
2015,Stephen Curry
2015,Marc Gasol
2015,Klay Thompson
2015,LaMarcus Aldridge
2015,Chris Paul
2015,Russell Westbrook
2015,DeMarcus Cousins
2015,Damian Lillard
2015,Tim Duncan
2015,Dirk Nowitzki
2015,Kevin Durant
2015,LeBron James
2015,Carmelo Anthony
2015,John Wall
2015,Pau Gasol
2015,Kyle Lowry
2015,Kyrie Irving
2015,Kyle Korver
2015,Paul Millsap
2015,Al Horford
2015,Jeff Teague
2015,Chris Bosh
2015,Jimmy Butler
2016,Stephen Curry
2016,Kobe Bryant
2016,Kawhi Leonard
2016,Kevin Durant
2016,Russell Westbrook
2016,James Harden
2016,Klay Thompson
2016,Chris Paul
2016,Anthony Davis
2016,LaMarcus Aldridge
2016,Draymond Green
2016,DeMarcus Cousins
2016,Kyle Lowry
2016,Paul George
2016,Carmelo Anthony
2016,Dwyane Wade
2016,LeBron James
2016,John Wall
2016,Paul Millsap
2016,Isaiah Thomas
2016,DeMar DeRozan
2016,Andre Drummond
2016,Pau Gasol
2016,Al Horford
2017,Anthony Davis
2017,James Harden
2017,Stephen Curry
2017,Kevin Durant
2017,Kawhi Leonard
2017,Marc Gasol
2017,Russell Westbrook
2017,Klay Thompson
2017,Gordon Hayward
2017,Draymond Green
2017,DeAndre Jordan
2017,DeMarcus Cousins
2017,DeMar DeRozan
2017,Giannis Antetokounmpo
2017,Kyrie Irving
2017,LeBron James
2017,Jimmy Butler
2017,Paul George
2017,John Wall
2017,Kemba Walker
2017,Carmelo Anthony
2017,Isaiah Thomas
2017,Kyle Lowry
2017,Paul Millsap
2018,LeBron James
2018,Kevin Durant
2018,Russell Westbrook
2018,Kyrie Irving
2018,Anthony Davis
2018,Paul George
2018,Andre Drummond
2018,Bradley Beal
2018,Victor Oladipo
2018,Kemba Walker
2018,Goran Dragic
2018,LaMarcus Aldridge
2018,James Harden
2018,DeMar DeRozan
2018,Stephen Curry
2018,Giannis Antetokounmpo
2018,Joel Embiid
2018,Kyle Lowry
2018,Klay Thompson
2018,Damian Lillard
2018,Draymond Green
2018,Karl-Anthony Towns
2018,Al Horford
2019,LeBron James
2019,James Harden
2019,Kevin Durant
2019,Kyrie Irving
2019,Kawhi Leonard
2019,Damian Lillard
2019,Klay Thompson
2019,Bradley Beal
2019,Ben Simmons
2019,Karl-Anthony Towns
2019,LaMarcus Aldridge
2019,Dwyane Wade
2019,Anthony Davis
2019,Stephen Curry
2019,Giannis Antetokounmpo
2019,Paul George
2019,Joel Embiid
2019,Kemba Walker
2019,Khris Middleton
2019,Blake Griffin
2019,Russell Westbrook
2019,Nikola Jokic
2019,Kyle Lowry
2019,D'Angelo Russell
2019,Nikola Vucevic
2019,Dirk Nowitzki
2020,Kawhi Leonard
2020,Anthony Davis
2020,LeBron James
2020,James Harden
2020,Luka Doncic
2020,Ben Simmons
2020,Russell Westbrook
2020,Chris Paul
2020,Devin Booker
2020,Domantas Sabonis
2020,Jayson Tatum
2020,Nikola Jokic
2020,Giannis Antetokounmpo
2020,Kemba Walker
2020,Joel Embiid
2020,Pascal Siakam
2020,Trae Young
2020,Kyle Lowry
2020,Khris Middleton
2020,Rudy Gobert
2020,Donovan Mitchell
2020,Jimmy Butler
2020,Bam Adebayo
2020,Brandon Ingram
